headphoneName,batteryLabel,batteryScore,comfortLabel,comfortScore,noisecancellationLabel,noisecancellationScore,soundqualityLabel,soundqualityScore
sony xm4 earbuds,Negative,0.8940163254737854,Negative,0.8868141174316406,NA,0.0,NA,0.0
sony xm4 earbuds,Positive,0.9085103869438171,Positive,0.916272759437561,NA,0.0,Positive,0.9089088439941406
sony xm4 earbuds,Negative,0.49907925724983215,NA,0.0,Negative,0.5173015594482422,NA,0.0
sony xm4 earbuds,Negative,0.8674829006195068,NA,0.0,Negative,0.8436087965965271,NA,0.0
sony xm4 earbuds,Negative,0.8852866291999817,NA,0.0,Negative,0.8320052623748779,Negative,0.8466451168060303
sony xm4 earbuds,Negative,0.8793204426765442,Negative,0.8882436156272888,Negative,0.8567655086517334,Negative,0.8007752299308777
sony xm4 earbuds,NA,0.0,NA,0.0,NA,0.0,NA,0.0
sony xm4 earbuds,Negative,0.862591564655304,NA,0.0,NA,0.0,Negative,0.9513512253761292
sony xm4 earbuds,Negative,0.836177408695221,NA,0.0,NA,0.0,NA,0.0
sony xm4 earbuds,NA,0.0,NA,0.0,NA,0.0,NA,0.0
sony xm4 earbuds,Positive,0.9586883187294006,Positive,0.9598317742347717,Positive,0.9573481678962708,NA,0.0
sony xm4 earbuds,Positive,0.7998590469360352,Positive,0.8304810523986816,Positive,0.8061336278915405,Positive,0.8427923321723938
sony xm4 earbuds,Negative,0.7146384119987488,Negative,0.7208927273750305,Negative,0.719070315361023,Negative,0.717292845249176
sony xm4 earbuds,Negative,0.7453686594963074,NA,0.0,NA,0.0,NA,0.0
sony xm4 earbuds,NA,0.0,Negative,0.5989542007446289,Negative,0.64501953125,Negative,0.6282265186309814
sony xm4 earbuds,Positive,0.9824704527854919,Positive,0.9840624928474426,Positive,0.9827462434768677,NA,0.0
sony xm4 earbuds,Positive,0.9292073249816895,Positive,0.9340617656707764,Positive,0.9242068529129028,Positive,0.9322828054428101
sony xm4 earbuds,Positive,0.5169922113418579,Positive,0.5035327672958374,Positive,0.6183406710624695,NA,0.0
sony xm4 earbuds,Positive,0.7267861366271973,Positive,0.7446988821029663,NA,0.0,Positive,0.7262177467346191
sony xm4 earbuds,Positive,0.9678556323051453,Positive,0.966108500957489,Positive,0.9643272757530212,Positive,0.9654733538627625
sony xm4 earbuds,Negative,0.717267632484436,NA,0.0,NA,0.0,NA,0.0
sony xm4 earbuds,NA,0.0,Negative,0.6503867506980896,Negative,0.6740232706069946,Negative,0.6517344117164612
sony xm4 earbuds,NA,0.0,Negative,0.5005325675010681,NA,0.0,Negative,0.521202564239502
sony xm4 earbuds,Negative,0.7848522663116455,NA,0.0,Negative,0.7584462761878967,Negative,0.7544476389884949
sony xm4 earbuds,Negative,0.9788094162940979,NA,0.0,NA,0.0,NA,0.0
sony xm4 earbuds,Negative,0.5594323873519897,Negative,0.5230860710144043,Negative,0.6181720495223999,Negative,0.5646589994430542
sony xm4 earbuds,NA,0.0,NA,0.0,Negative,0.5958176255226135,Positive,0.7265885472297668
sony xm4 earbuds,Positive,0.7338886857032776,Negative,0.5866468548774719,Positive,0.588357150554657,Positive,0.7575812935829163
sony xm4 earbuds,NA,0.0,NA,0.0,NA,0.0,NA,0.0
sony xm4 earbuds,NA,0.0,NA,0.0,NA,0.0,NA,0.0
sony xm4 earbuds,Positive,0.5401845574378967,Positive,0.5471534729003906,NA,0.0,Positive,0.6069153547286987
sony xm4 earbuds,Positive,0.6530054807662964,Positive,0.669719398021698,Positive,0.6477950811386108,Positive,0.6554250717163086
sony xm4 earbuds,Positive,0.6159763336181641,Positive,0.6179118156433105,NA,0.0,NA,0.0
sony xm4 earbuds,Positive,0.5113606452941895,NA,0.0,Positive,0.51120924949646,Positive,0.5144293904304504
sony xm4 earbuds,Negative,0.4892948567867279,Positive,0.4941284954547882,Negative,0.4909113049507141,Negative,0.4772316515445709
sony xm4 earbuds,Negative,0.74285888671875,Negative,0.768453061580658,Negative,0.6994296312332153,Negative,0.7307714819908142
sony xm4 earbuds,Positive,0.9281569123268127,NA,0.0,Positive,0.7626214623451233,NA,0.0
sony xm4 earbuds,Positive,0.751305878162384,Positive,0.7451347708702087,Positive,0.6251922249794006,Positive,0.8226040601730347
sony xm4 earbuds,Positive,0.514635443687439,NA,0.0,NA,0.0,Positive,0.9738078713417053
sony xm4 earbuds,NA,0.0,Positive,0.6248387098312378,Positive,0.5815070867538452,Positive,0.6446992754936218
sony xm4 earbuds,Negative,0.9100986123085022,Negative,0.9111012816429138,Negative,0.9147359728813171,Negative,0.9098870158195496
sony xm4 earbuds,NA,0.0,Negative,0.9303509593009949,Negative,0.9293879270553589,NA,0.0
sony xm4 earbuds,NA,0.0,NA,0.0,Negative,0.7952494025230408,NA,0.0
sony xm4 earbuds,NA,0.0,Negative,0.6179179549217224,NA,0.0,Negative,0.6729744672775269
sony xm4 earbuds,Negative,0.9177173972129822,Negative,0.9273777008056641,Negative,0.9145100712776184,NA,0.0
sony xm4 earbuds,NA,0.0,NA,0.0,NA,0.0,NA,0.0
sony xm4 earbuds,NA,0.0,Negative,0.638515293598175,Negative,0.7037004232406616,NA,0.0
sony xm4 earbuds,Negative,0.8703763484954834,NA,0.0,Negative,0.9232572317123413,NA,0.0
sony xm4 earbuds,Negative,0.6232796311378479,NA,0.0,Positive,0.9388407468795776,Positive,0.9340585470199585
sony xm4 earbuds,Negative,0.9691866636276245,NA,0.0,NA,0.0,NA,0.0
Galaxy Buds2 Pro,Positive,0.8080567717552185,Positive,0.8333995938301086,Positive,0.8209220170974731,Positive,0.8200616836547852
Galaxy Buds2 Pro,Positive,0.9417638778686523,NA,0.0,Positive,0.9468816518783569,Positive,0.9479025602340698
Galaxy Buds2 Pro,NA,0.0,NA,0.0,NA,0.0,NA,0.0
Galaxy Buds2 Pro,NA,0.0,NA,0.0,Positive,0.7182292342185974,Positive,0.990649402141571
Galaxy Buds2 Pro,Positive,0.5912675857543945,NA,0.0,NA,0.0,Positive,0.7086032032966614
Galaxy Buds2 Pro,NA,0.0,NA,0.0,Positive,0.9876282215118408,NA,0.0
Galaxy Buds2 Pro,Positive,0.8992384672164917,NA,0.0,NA,0.0,NA,0.0
Galaxy Buds2 Pro,NA,0.0,Positive,0.9889660477638245,Positive,0.6615104079246521,NA,0.0
Galaxy Buds2 Pro,NA,0.0,NA,0.0,NA,0.0,NA,0.0
Galaxy Buds2 Pro,NA,0.0,Positive,0.8996761441230774,NA,0.0,NA,0.0
Galaxy Buds2 Pro,NA,0.0,NA,0.0,Negative,0.48079201579093933,Positive,0.6076388359069824
Galaxy Buds2 Pro,NA,0.0,NA,0.0,NA,0.0,NA,0.0
Galaxy Buds2 Pro,NA,0.0,Negative,0.9680419564247131,NA,0.0,NA,0.0
Galaxy Buds2 Pro,NA,0.0,NA,0.0,NA,0.0,NA,0.0
Galaxy Buds2 Pro,NA,0.0,NA,0.0,Negative,0.7004821300506592,Positive,0.8323100209236145
Galaxy Buds2 Pro,NA,0.0,NA,0.0,Positive,0.7849933505058289,NA,0.0
Galaxy Buds2 Pro,NA,0.0,NA,0.0,NA,0.0,Negative,0.6574811935424805
Galaxy Buds2 Pro,NA,0.0,NA,0.0,NA,0.0,NA,0.0
Galaxy Buds2 Pro,Negative,0.9623690247535706,NA,0.0,Negative,0.9790467023849487,NA,0.0
Galaxy Buds2 Pro,NA,0.0,NA,0.0,NA,0.0,NA,0.0
Galaxy Buds2 Pro,NA,0.0,NA,0.0,Positive,0.9051457047462463,Negative,0.9300702810287476
Galaxy Buds2 Pro,Negative,0.8596862554550171,Positive,0.7641876935958862,NA,0.0,NA,0.0
Galaxy Buds2 Pro,NA,0.0,NA,0.0,NA,0.0,NA,0.0
Galaxy Buds2 Pro,NA,0.0,NA,0.0,Negative,0.9324026107788086,NA,0.0
Galaxy Buds2 Pro,Negative,0.9538131356239319,NA,0.0,NA,0.0,Negative,0.7283621430397034
Galaxy Buds2 Pro,NA,0.0,NA,0.0,NA,0.0,NA,0.0
Galaxy Buds2 Pro,NA,0.0,NA,0.0,NA,0.0,NA,0.0
Galaxy Buds2 Pro,NA,0.0,NA,0.0,Negative,0.9952864050865173,NA,0.0
Galaxy Buds2 Pro,NA,0.0,Negative,0.9952520132064819,Positive,0.9725074172019958,Positive,0.9944813251495361
Galaxy Buds2 Pro,NA,0.0,NA,0.0,NA,0.0,NA,0.0
Galaxy Buds2 Pro,NA,0.0,NA,0.0,NA,0.0,NA,0.0
Galaxy Buds2 Pro,NA,0.0,NA,0.0,NA,0.0,NA,0.0
Galaxy Buds2 Pro,NA,0.0,NA,0.0,Positive,0.9863939881324768,NA,0.0
Galaxy Buds2 Pro,NA,0.0,NA,0.0,NA,0.0,NA,0.0
Galaxy Buds2 Pro,Negative,0.9730110764503479,Negative,0.9675101637840271,NA,0.0,Negative,0.9807711243629456
Galaxy Buds2 Pro,NA,0.0,NA,0.0,NA,0.0,NA,0.0
Galaxy Buds2 Pro,NA,0.0,Negative,0.9914789795875549,NA,0.0,NA,0.0
Galaxy Buds2 Pro,NA,0.0,NA,0.0,NA,0.0,NA,0.0
Galaxy Buds2 Pro,NA,0.0,NA,0.0,NA,0.0,NA,0.0
Galaxy Buds2 Pro,NA,0.0,NA,0.0,NA,0.0,Negative,0.8749172687530518
Galaxy Buds2 Pro,NA,0.0,NA,0.0,NA,0.0,Positive,0.6741032600402832
Galaxy Buds2 Pro,NA,0.0,NA,0.0,Negative,0.48552581667900085,Positive,0.5513550639152527
Galaxy Buds2 Pro,NA,0.0,NA,0.0,Positive,0.9325504302978516,NA,0.0
Galaxy Buds2 Pro,NA,0.0,NA,0.0,NA,0.0,NA,0.0
Galaxy Buds2 Pro,Negative,0.7241185307502747,NA,0.0,NA,0.0,NA,0.0
Galaxy Buds2 Pro,NA,0.0,NA,0.0,NA,0.0,Positive,0.9758392572402954
Galaxy Buds2 Pro,NA,0.0,Positive,0.566696286201477,Negative,0.8662169575691223,NA,0.0
Galaxy Buds2 Pro,Negative,0.8371202349662781,Negative,0.7188701629638672,Positive,0.7373620271682739,NA,0.0
Galaxy Buds2 Pro,NA,0.0,NA,0.0,NA,0.0,NA,0.0
Galaxy Buds2 Pro,NA,0.0,NA,0.0,NA,0.0,NA,0.0
Sennheiser MTW3,NA,0.0,NA,0.0,NA,0.0,NA,0.0
Sennheiser MTW3,NA,0.0,Positive,0.6632487177848816,NA,0.0,NA,0.0
Sennheiser MTW3,NA,0.0,NA,0.0,NA,0.0,NA,0.0
Sennheiser MTW3,Positive,0.5128731727600098,NA,0.0,Negative,0.8024545311927795,NA,0.0
Sennheiser MTW3,NA,0.0,NA,0.0,NA,0.0,Positive,0.7644268274307251
Sennheiser MTW3,NA,0.0,NA,0.0,NA,0.0,Negative,0.8031853437423706
Sennheiser MTW3,NA,0.0,NA,0.0,NA,0.0,NA,0.0
Sennheiser MTW3,NA,0.0,NA,0.0,NA,0.0,NA,0.0
Sennheiser MTW3,NA,0.0,Negative,0.8152092695236206,Negative,0.5028419494628906,NA,0.0
Sennheiser MTW3,NA,0.0,Negative,0.9908728003501892,Negative,0.9905081987380981,NA,0.0
Sennheiser MTW3,Negative,0.8689778447151184,Negative,0.8873897790908813,NA,0.0,NA,0.0
Sennheiser MTW3,NA,0.0,Positive,0.8057384490966797,NA,0.0,Positive,0.7723519802093506
Sennheiser MTW3,NA,0.0,Positive,0.6388434171676636,Positive,0.7572497725486755,Positive,0.6861785054206848
Sennheiser MTW3,Negative,0.8970867395401001,Negative,0.867107629776001,Negative,0.8736780881881714,NA,0.0
Sennheiser MTW3,Negative,0.5428717136383057,NA,0.0,NA,0.0,Positive,0.773423433303833
Sennheiser MTW3,NA,0.0,Positive,0.6681024432182312,Positive,0.8043549656867981,Positive,0.8579320311546326
Sennheiser MTW3,NA,0.0,NA,0.0,NA,0.0,NA,0.0
Sennheiser MTW3,Positive,0.8414223194122314,Positive,0.86026531457901,Positive,0.7688851952552795,NA,0.0
Sennheiser MTW3,NA,0.0,NA,0.0,NA,0.0,Negative,0.7479670643806458
Sennheiser MTW3,NA,0.0,Negative,0.554747462272644,Positive,0.5141599774360657,NA,0.0
Sennheiser MTW3,Negative,0.624071478843689,Negative,0.46320775151252747,NA,0.0,NA,0.0
Sennheiser MTW3,NA,0.0,Positive,0.8611997961997986,NA,0.0,Positive,0.8695206046104431
Sennheiser MTW3,NA,0.0,NA,0.0,NA,0.0,Positive,0.613231360912323
Sennheiser MTW3,NA,0.0,Positive,0.8022664785385132,Positive,0.7014011740684509,NA,0.0
Sennheiser MTW3,Positive,0.8224326968193054,Positive,0.8279168009757996,Positive,0.8227167129516602,Positive,0.8246234059333801
Sennheiser MTW3,Positive,0.8045668005943298,Positive,0.832901656627655,Positive,0.8188979625701904,NA,0.0
Sennheiser MTW3,Positive,0.9442230463027954,Positive,0.9391982555389404,Positive,0.933565616607666,Positive,0.9354442954063416
Sennheiser MTW3,NA,0.0,NA,0.0,NA,0.0,NA,0.0
Sennheiser MTW3,Positive,0.7530125379562378,NA,0.0,NA,0.0,NA,0.0
Sennheiser MTW3,NA,0.0,NA,0.0,Positive,0.851212739944458,Positive,0.7518177628517151
Sennheiser MTW3,Positive,0.6226349472999573,NA,0.0,Positive,0.5883862972259521,NA,0.0
Sennheiser MTW3,Negative,0.8899135589599609,NA,0.0,Negative,0.896594226360321,Negative,0.8868550062179565
Sennheiser MTW3,Negative,0.82340008020401,Negative,0.8019125461578369,NA,0.0,NA,0.0
Sennheiser MTW3,NA,0.0,NA,0.0,NA,0.0,Negative,0.9300733804702759
Sennheiser MTW3,NA,0.0,NA,0.0,NA,0.0,Negative,0.5883949995040894
Sennheiser MTW3,NA,0.0,Positive,0.5616241693496704,NA,0.0,Positive,0.6709519028663635
Sennheiser MTW3,NA,0.0,Negative,0.881797730922699,Negative,0.8703909516334534,Negative,0.8274649381637573
Sennheiser MTW3,Negative,0.9675832390785217,Negative,0.9615319967269897,NA,0.0,NA,0.0
Sennheiser MTW3,NA,0.0,NA,0.0,NA,0.0,Negative,0.5685046315193176
Sennheiser MTW3,Negative,0.7841721773147583,NA,0.0,Negative,0.9382497668266296,Negative,0.8604413866996765
Sennheiser MTW3,NA,0.0,Positive,0.4930635094642639,Positive,0.5065734386444092,NA,0.0
Sennheiser MTW3,Positive,0.5144688487052917,Positive,0.7054272890090942,NA,0.0,NA,0.0
Sennheiser MTW3,NA,0.0,Positive,0.8643501996994019,NA,0.0,Positive,0.7927196025848389
Sennheiser MTW3,Positive,0.7297156453132629,NA,0.0,NA,0.0,NA,0.0
Sennheiser MTW3,NA,0.0,Negative,0.7238003611564636,NA,0.0,Negative,0.8133618235588074
Sennheiser MTW3,NA,0.0,NA,0.0,NA,0.0,NA,0.0
Sennheiser MTW3,NA,0.0,NA,0.0,NA,0.0,NA,0.0
Sennheiser MTW3,NA,0.0,NA,0.0,NA,0.0,Negative,0.4926842749118805
Sennheiser MTW3,NA,0.0,NA,0.0,NA,0.0,NA,0.0
Sennheiser MTW3,NA,0.0,NA,0.0,NA,0.0,NA,0.0
Bose Quietcomfort Earbuds 2,NA,0.0,NA,0.0,Negative,0.9028095006942749,Negative,0.897121012210846
Bose Quietcomfort Earbuds 2,NA,0.0,NA,0.0,Negative,0.6365004181861877,NA,0.0
Bose Quietcomfort Earbuds 2,Negative,0.9607999324798584,Negative,0.9439691305160522,Negative,0.8995583057403564,NA,0.0
Bose Quietcomfort Earbuds 2,Negative,0.9248082041740417,Negative,0.9272868633270264,Negative,0.9123160243034363,Negative,0.9399815797805786
Bose Quietcomfort Earbuds 2,Negative,0.8811601996421814,NA,0.0,Negative,0.5098093152046204,Negative,0.5584778189659119
Bose Quietcomfort Earbuds 2,Negative,0.5161347985267639,NA,0.0,NA,0.0,NA,0.0
Bose Quietcomfort Earbuds 2,NA,0.0,Negative,0.6408441662788391,Negative,0.6006871461868286,Negative,0.9027045965194702
Bose Quietcomfort Earbuds 2,NA,0.0,NA,0.0,NA,0.0,Positive,0.4392096698284149
Bose Quietcomfort Earbuds 2,Negative,0.822263240814209,NA,0.0,Negative,0.7819610238075256,Positive,0.5772425532341003
Bose Quietcomfort Earbuds 2,NA,0.0,NA,0.0,Positive,0.7722495198249817,NA,0.0
Bose Quietcomfort Earbuds 2,Negative,0.7750527262687683,Negative,0.7780146598815918,Negative,0.7981658577919006,Negative,0.7780086398124695
Bose Quietcomfort Earbuds 2,Negative,0.9603485465049744,NA,0.0,NA,0.0,NA,0.0
Bose Quietcomfort Earbuds 2,Negative,0.6538134217262268,Negative,0.676886260509491,Negative,0.7092592716217041,Negative,0.6224581599235535
Bose Quietcomfort Earbuds 2,Negative,0.8195802569389343,NA,0.0,Negative,0.8303565382957458,Negative,0.6146473288536072
Bose Quietcomfort Earbuds 2,NA,0.0,Positive,0.49295759201049805,Positive,0.4890978932380676,Positive,0.534005880355835
Bose Quietcomfort Earbuds 2,NA,0.0,NA,0.0,Negative,0.5580358505249023,NA,0.0
Bose Quietcomfort Earbuds 2,NA,0.0,Negative,0.8918052315711975,NA,0.0,NA,0.0
Bose Quietcomfort Earbuds 2,NA,0.0,NA,0.0,NA,0.0,Negative,0.8568716645240784
Bose Quietcomfort Earbuds 2,Negative,0.9576998353004456,NA,0.0,Negative,0.8949888348579407,NA,0.0
Bose Quietcomfort Earbuds 2,NA,0.0,NA,0.0,NA,0.0,NA,0.0
Bose Quietcomfort Earbuds 2,Positive,0.769435465335846,Positive,0.9658146500587463,NA,0.0,Positive,0.9298836588859558
Bose Quietcomfort Earbuds 2,Positive,0.5810956358909607,Positive,0.6992767453193665,Positive,0.5914324522018433,NA,0.0
Bose Quietcomfort Earbuds 2,NA,0.0,Positive,0.5420598983764648,Positive,0.5093546509742737,NA,0.0
Bose Quietcomfort Earbuds 2,NA,0.0,NA,0.0,NA,0.0,Positive,0.8486886024475098
Bose Quietcomfort Earbuds 2,NA,0.0,NA,0.0,Positive,0.910055935382843,NA,0.0
Bose Quietcomfort Earbuds 2,NA,0.0,NA,0.0,NA,0.0,NA,0.0
Bose Quietcomfort Earbuds 2,Positive,0.9938422441482544,NA,0.0,NA,0.0,NA,0.0
Bose Quietcomfort Earbuds 2,Positive,0.9862412214279175,NA,0.0,Positive,0.9919760823249817,Positive,0.9918760061264038
Bose Quietcomfort Earbuds 2,NA,0.0,Negative,0.597213089466095,Negative,0.6109629273414612,NA,0.0
Bose Quietcomfort Earbuds 2,NA,0.0,Positive,0.9305817484855652,Positive,0.8607649207115173,NA,0.0
Bose Quietcomfort Earbuds 2,NA,0.0,NA,0.0,Negative,0.8972402811050415,NA,0.0
Bose Quietcomfort Earbuds 2,NA,0.0,Positive,0.820554256439209,Negative,0.8888838887214661,NA,0.0
Bose Quietcomfort Earbuds 2,Positive,0.5470876097679138,NA,0.0,Negative,0.6180806756019592,Positive,0.5156355500221252
Bose Quietcomfort Earbuds 2,Negative,0.45158204436302185,Negative,0.5838450193405151,Negative,0.4935298562049866,NA,0.0
Bose Quietcomfort Earbuds 2,NA,0.0,Positive,0.7984902262687683,Positive,0.8788249492645264,Positive,0.8457750082015991
Bose Quietcomfort Earbuds 2,Negative,0.512847363948822,NA,0.0,Positive,0.5958954691886902,NA,0.0
Bose Quietcomfort Earbuds 2,NA,0.0,NA,0.0,NA,0.0,NA,0.0
Bose Quietcomfort Earbuds 2,NA,0.0,Negative,0.8663986921310425,NA,0.0,NA,0.0
Bose Quietcomfort Earbuds 2,NA,0.0,Positive,0.5875295996665955,Negative,0.5855441689491272,NA,0.0
Bose Quietcomfort Earbuds 2,NA,0.0,Negative,0.6778486967086792,NA,0.0,Negative,0.7865553498268127
Bose Quietcomfort Earbuds 2,Negative,0.6528868079185486,Negative,0.6544635891914368,NA,0.0,Negative,0.6708380579948425
Bose Quietcomfort Earbuds 2,NA,0.0,NA,0.0,Positive,0.8146124482154846,NA,0.0
Bose Quietcomfort Earbuds 2,NA,0.0,Negative,0.670525074005127,Negative,0.5263662338256836,NA,0.0
Bose Quietcomfort Earbuds 2,Positive,0.8450689911842346,NA,0.0,Positive,0.8568570017814636,Positive,0.9216355681419373
Bose Quietcomfort Earbuds 2,NA,0.0,NA,0.0,NA,0.0,NA,0.0
Bose Quietcomfort Earbuds 2,NA,0.0,NA,0.0,NA,0.0,NA,0.0
Bose Quietcomfort Earbuds 2,NA,0.0,Positive,0.9920759201049805,NA,0.0,Positive,0.9931957721710205
Bose Quietcomfort Earbuds 2,NA,0.0,NA,0.0,NA,0.0,Positive,0.5715318322181702
Bose Quietcomfort Earbuds 2,Positive,0.9075680375099182,NA,0.0,Negative,0.5616591572761536,Positive,0.9047848582267761
Bose Quietcomfort Earbuds 2,NA,0.0,Positive,0.9853991270065308,NA,0.0,NA,0.0
Bose Quietcomfort Earbuds,NA,0.0,NA,0.0,NA,0.0,NA,0.0
Bose Quietcomfort Earbuds,NA,0.0,NA,0.0,Negative,0.4559706151485443,Negative,0.5781934261322021
Bose Quietcomfort Earbuds,Negative,0.801205039024353,NA,0.0,Negative,0.8370282053947449,NA,0.0
Bose Quietcomfort Earbuds,NA,0.0,Negative,0.8179908394813538,NA,0.0,NA,0.0
Bose Quietcomfort Earbuds,NA,0.0,NA,0.0,NA,0.0,NA,0.0
Bose Quietcomfort Earbuds,NA,0.0,Negative,0.9406566023826599,Negative,0.93584805727005,NA,0.0
Bose Quietcomfort Earbuds,Negative,0.7435566186904907,Negative,0.626301109790802,NA,0.0,NA,0.0
Bose Quietcomfort Earbuds,NA,0.0,NA,0.0,NA,0.0,NA,0.0
Bose Quietcomfort Earbuds,NA,0.0,NA,0.0,NA,0.0,NA,0.0
Bose Quietcomfort Earbuds,NA,0.0,NA,0.0,Negative,0.9388489723205566,NA,0.0
Bose Quietcomfort Earbuds,Negative,0.6627874374389648,Negative,0.655667781829834,Negative,0.681628942489624,Negative,0.6829920411109924
Bose Quietcomfort Earbuds,Negative,0.804506778717041,Negative,0.8034257888793945,NA,0.0,NA,0.0
Bose Quietcomfort Earbuds,Negative,0.8502001166343689,Negative,0.8666270971298218,Negative,0.8457316160202026,NA,0.0
Bose Quietcomfort Earbuds,NA,0.0,Positive,0.6107978224754333,Positive,0.6450631618499756,NA,0.0
Bose Quietcomfort Earbuds,NA,0.0,NA,0.0,Negative,0.7363714575767517,NA,0.0
Bose Quietcomfort Earbuds,Positive,0.6702613234519958,Positive,0.62051922082901,Negative,0.4862671494483948,Positive,0.7332573533058167
Bose Quietcomfort Earbuds,Positive,0.7358882427215576,NA,0.0,Positive,0.6529716849327087,Positive,0.8389425277709961
Bose Quietcomfort Earbuds,Negative,0.9869378805160522,NA,0.0,Positive,0.9823819994926453,Positive,0.9749285578727722
Bose Quietcomfort Earbuds,Negative,0.8825379610061646,NA,0.0,Negative,0.6192786693572998,NA,0.0
Bose Quietcomfort Earbuds,NA,0.0,Negative,0.5828822255134583,Negative,0.714769184589386,NA,0.0
Bose Quietcomfort Earbuds,Positive,0.6376796364784241,Positive,0.6461570858955383,Positive,0.6262085437774658,NA,0.0
Bose Quietcomfort Earbuds,NA,0.0,NA,0.0,Positive,0.9514842629432678,NA,0.0
Bose Quietcomfort Earbuds,Positive,0.9673351049423218,Positive,0.9713534116744995,NA,0.0,NA,0.0
Bose Quietcomfort Earbuds,NA,0.0,Negative,0.7303357124328613,Negative,0.8130883574485779,NA,0.0
Bose Quietcomfort Earbuds,Negative,0.7247753739356995,NA,0.0,Negative,0.6704725623130798,Negative,0.6502850651741028
Bose Quietcomfort Earbuds,NA,0.0,Positive,0.5324751734733582,Positive,0.5093783736228943,Positive,0.7061561346054077
Bose Quietcomfort Earbuds,NA,0.0,NA,0.0,Positive,0.9869259595870972,Positive,0.9810039401054382
Bose Quietcomfort Earbuds,NA,0.0,NA,0.0,Positive,0.4916675090789795,NA,0.0
Bose Quietcomfort Earbuds,NA,0.0,NA,0.0,NA,0.0,NA,0.0
Bose Quietcomfort Earbuds,Positive,0.8304709792137146,Positive,0.8001348376274109,Positive,0.7986425757408142,Positive,0.8318429589271545
Bose Quietcomfort Earbuds,NA,0.0,Positive,0.7189773917198181,Positive,0.6605145335197449,NA,0.0
Bose Quietcomfort Earbuds,NA,0.0,Negative,0.9093127250671387,NA,0.0,NA,0.0
Bose Quietcomfort Earbuds,Negative,0.889030396938324,Negative,0.8643075823783875,Negative,0.8863465785980225,Negative,0.8387090563774109
Bose Quietcomfort Earbuds,Negative,0.9448188543319702,NA,0.0,NA,0.0,NA,0.0
Bose Quietcomfort Earbuds,NA,0.0,NA,0.0,NA,0.0,NA,0.0
Bose Quietcomfort Earbuds,NA,0.0,NA,0.0,NA,0.0,Negative,0.4930921494960785
Bose Quietcomfort Earbuds,NA,0.0,NA,0.0,Negative,0.8252522349357605,Negative,0.8556644916534424
Bose Quietcomfort Earbuds,NA,0.0,Positive,0.44517746567726135,NA,0.0,NA,0.0
Bose Quietcomfort Earbuds,NA,0.0,NA,0.0,NA,0.0,NA,0.0
Bose Quietcomfort Earbuds,Negative,0.9385131597518921,NA,0.0,NA,0.0,NA,0.0
Bose Quietcomfort Earbuds,Positive,0.8600726127624512,Positive,0.7774497866630554,Positive,0.7841485738754272,NA,0.0
Bose Quietcomfort Earbuds,Positive,0.9098308682441711,Positive,0.9158747792243958,Positive,0.9134367108345032,NA,0.0
Bose Quietcomfort Earbuds,Positive,0.7877987027168274,Positive,0.8576173186302185,NA,0.0,NA,0.0
Bose Quietcomfort Earbuds,Positive,0.823900580406189,Positive,0.8670846819877625,Positive,0.8790000081062317,Positive,0.8834043145179749
Bose Quietcomfort Earbuds,Positive,0.7445668578147888,Positive,0.7976672053337097,NA,0.0,Positive,0.8212835192680359
Bose Quietcomfort Earbuds,Positive,0.8147336840629578,Positive,0.8401995897293091,Positive,0.8278204798698425,NA,0.0
Bose Quietcomfort Earbuds,Positive,0.8222309947013855,NA,0.0,Positive,0.8932344913482666,Positive,0.8899503350257874
Bose Quietcomfort Earbuds,NA,0.0,Positive,0.9957140684127808,Positive,0.994183361530304,Positive,0.995637834072113
Bose Quietcomfort Earbuds,NA,0.0,Negative,0.5674182176589966,Negative,0.5691983103752136,NA,0.0
Bose Quietcomfort Earbuds,Negative,0.5594323873519897,Negative,0.5230860710144043,Negative,0.6181720495223999,Negative,0.5646589994430542
Beats Fit Pro Earbuds,Positive,0.898238480091095,NA,0.0,Positive,0.8380324244499207,NA,0.0
Beats Fit Pro Earbuds,NA,0.0,NA,0.0,Positive,0.5755261778831482,NA,0.0
Beats Fit Pro Earbuds,Negative,0.7880753874778748,NA,0.0,Positive,0.6134428977966309,Negative,0.749583899974823
Beats Fit Pro Earbuds,Positive,0.984693169593811,Positive,0.9860889911651611,Positive,0.9857762455940247,Positive,0.9858649969100952
Beats Fit Pro Earbuds,Positive,0.8818861842155457,NA,0.0,Positive,0.8822331428527832,Positive,0.9336771368980408
Beats Fit Pro Earbuds,Positive,0.8515366315841675,NA,0.0,Positive,0.7922783493995667,NA,0.0
Beats Fit Pro Earbuds,NA,0.0,Positive,0.724196195602417,NA,0.0,Positive,0.9845508933067322
Beats Fit Pro Earbuds,Positive,0.8456763625144958,Negative,0.8657647967338562,Positive,0.5128289461135864,Negative,0.958569347858429
Beats Fit Pro Earbuds,NA,0.0,Positive,0.9600444436073303,NA,0.0,NA,0.0
Beats Fit Pro Earbuds,NA,0.0,Positive,0.4830203056335449,Negative,0.6558887362480164,Positive,0.9492285251617432
Beats Fit Pro Earbuds,NA,0.0,NA,0.0,NA,0.0,Negative,0.7453433275222778
Beats Fit Pro Earbuds,Positive,0.5149115324020386,Positive,0.6580097079277039,Positive,0.44665229320526123,NA,0.0
Beats Fit Pro Earbuds,Positive,0.9279966354370117,NA,0.0,NA,0.0,NA,0.0
Beats Fit Pro Earbuds,Negative,0.8965333700180054,NA,0.0,Negative,0.9393557906150818,NA,0.0
Beats Fit Pro Earbuds,Negative,0.8870848417282104,Negative,0.790973424911499,Negative,0.8265557289123535,NA,0.0
Beats Fit Pro Earbuds,Positive,0.6863685846328735,Positive,0.7437041401863098,Positive,0.6803690791130066,Positive,0.6928638219833374
Beats Fit Pro Earbuds,NA,0.0,NA,0.0,NA,0.0,NA,0.0
Beats Fit Pro Earbuds,NA,0.0,NA,0.0,NA,0.0,Negative,0.9841735363006592
Beats Fit Pro Earbuds,NA,0.0,NA,0.0,Negative,0.9647571444511414,Positive,0.6417537331581116
Beats Fit Pro Earbuds,NA,0.0,NA,0.0,Positive,0.5147274732589722,Positive,0.5760570764541626
Beats Fit Pro Earbuds,Negative,0.9626296758651733,NA,0.0,Negative,0.8769571185112,NA,0.0
Beats Fit Pro Earbuds,NA,0.0,NA,0.0,NA,0.0,NA,0.0
Beats Fit Pro Earbuds,NA,0.0,NA,0.0,NA,0.0,NA,0.0
Beats Fit Pro Earbuds,NA,0.0,NA,0.0,Negative,0.891973078250885,NA,0.0
Beats Fit Pro Earbuds,NA,0.0,Negative,0.8899659514427185,NA,0.0,Negative,0.8926898837089539
Beats Fit Pro Earbuds,NA,0.0,NA,0.0,Negative,0.9765331149101257,NA,0.0
Beats Fit Pro Earbuds,Negative,0.8036738038063049,NA,0.0,Negative,0.880639374256134,NA,0.0
Beats Fit Pro Earbuds,NA,0.0,NA,0.0,Negative,0.8976830840110779,Neutral,0.577817976474762
Beats Fit Pro Earbuds,NA,0.0,Negative,0.6115660071372986,Negative,0.9675506353378296,NA,0.0
Beats Fit Pro Earbuds,Negative,0.9205151796340942,Negative,0.9154657125473022,Negative,0.910295307636261,Negative,0.9161032438278198
Beats Fit Pro Earbuds,Negative,0.7733820676803589,NA,0.0,Negative,0.8356870412826538,NA,0.0
Beats Fit Pro Earbuds,NA,0.0,Negative,0.5655092597007751,Negative,0.5582419037818909,Positive,0.4954880177974701
Beats Fit Pro Earbuds,Positive,0.9082716703414917,Positive,0.9263973832130432,Positive,0.9113317131996155,Positive,0.9221161603927612
Beats Fit Pro Earbuds,Positive,0.9124763607978821,NA,0.0,Positive,0.9894847273826599,NA,0.0
Beats Fit Pro Earbuds,Positive,0.9879348278045654,Positive,0.9886623024940491,Positive,0.9869930744171143,Positive,0.9888021945953369
Beats Fit Pro Earbuds,NA,0.0,Positive,0.9931855201721191,Positive,0.9914023280143738,Positive,0.9956279993057251
Beats Fit Pro Earbuds,NA,0.0,NA,0.0,NA,0.0,NA,0.0
Beats Fit Pro Earbuds,NA,0.0,Positive,0.5580056309700012,Positive,0.9874297976493835,Positive,0.9879387617111206
Beats Fit Pro Earbuds,NA,0.0,NA,0.0,NA,0.0,NA,0.0
Beats Fit Pro Earbuds,Positive,0.5536358952522278,NA,0.0,NA,0.0,Positive,0.5028254985809326
Beats Fit Pro Earbuds,Negative,0.8888030648231506,Negative,0.9013165235519409,Negative,0.9145875573158264,NA,0.0
Beats Fit Pro Earbuds,Negative,0.9560423493385315,Negative,0.9658936858177185,Negative,0.9832557439804077,NA,0.0
Beats Fit Pro Earbuds,Negative,0.9606769680976868,NA,0.0,Negative,0.9632198214530945,NA,0.0
Beats Fit Pro Earbuds,Negative,0.9690918326377869,NA,0.0,Negative,0.9461804628372192,Negative,0.9664629101753235
Beats Fit Pro Earbuds,NA,0.0,NA,0.0,Negative,0.9675668478012085,NA,0.0
Beats Fit Pro Earbuds,Positive,0.5982714295387268,NA,0.0,NA,0.0,NA,0.0
Beats Fit Pro Earbuds,NA,0.0,NA,0.0,Positive,0.537440299987793,Positive,0.5709058046340942
Beats Fit Pro Earbuds,Positive,0.49795347452163696,NA,0.0,Positive,0.6490990519523621,NA,0.0
Beats Fit Pro Earbuds,NA,0.0,NA,0.0,NA,0.0,NA,0.0
Beats Fit Pro Earbuds,Negative,0.8693569898605347,NA,0.0,NA,0.0,NA,0.0
AirPods Pro 2 Earbuds,NA,0.0,NA,0.0,NA,0.0,NA,0.0
AirPods Pro 2 Earbuds,NA,0.0,NA,0.0,NA,0.0,Negative,0.8761038780212402
AirPods Pro 2 Earbuds,NA,0.0,NA,0.0,Negative,0.8395292162895203,Negative,0.82047039270401
AirPods Pro 2 Earbuds,Negative,0.8393170237541199,NA,0.0,NA,0.0,NA,0.0
AirPods Pro 2 Earbuds,NA,0.0,NA,0.0,NA,0.0,NA,0.0
AirPods Pro 2 Earbuds,NA,0.0,NA,0.0,NA,0.0,NA,0.0
AirPods Pro 2 Earbuds,NA,0.0,NA,0.0,Negative,0.9822705388069153,NA,0.0
AirPods Pro 2 Earbuds,NA,0.0,NA,0.0,NA,0.0,NA,0.0
AirPods Pro 2 Earbuds,NA,0.0,NA,0.0,NA,0.0,NA,0.0
AirPods Pro 2 Earbuds,NA,0.0,NA,0.0,NA,0.0,Positive,0.5895169377326965
AirPods Pro 2 Earbuds,Positive,0.9382005929946899,Positive,0.945306658744812,Positive,0.9436811208724976,NA,0.0
AirPods Pro 2 Earbuds,NA,0.0,Positive,0.9848538637161255,Positive,0.9847891330718994,NA,0.0
AirPods Pro 2 Earbuds,Positive,0.9866140484809875,Positive,0.9870287179946899,Positive,0.9883050918579102,Positive,0.9904493689537048
AirPods Pro 2 Earbuds,NA,0.0,Positive,0.9801888465881348,Positive,0.9736419320106506,Positive,0.9874529242515564
AirPods Pro 2 Earbuds,Positive,0.9717565774917603,NA,0.0,NA,0.0,NA,0.0
AirPods Pro 2 Earbuds,Positive,0.6980798840522766,NA,0.0,Positive,0.7275201082229614,Positive,0.7659794092178345
AirPods Pro 2 Earbuds,NA,0.0,NA,0.0,Positive,0.9589410424232483,Positive,0.9529765844345093
AirPods Pro 2 Earbuds,NA,0.0,Positive,0.966509222984314,Positive,0.9841013550758362,NA,0.0
AirPods Pro 2 Earbuds,NA,0.0,Positive,0.9204754829406738,NA,0.0,NA,0.0
AirPods Pro 2 Earbuds,NA,0.0,NA,0.0,Positive,0.9918335676193237,NA,0.0
AirPods Pro 2 Earbuds,NA,0.0,NA,0.0,Negative,0.5038661956787109,Positive,0.6600605845451355
AirPods Pro 2 Earbuds,NA,0.0,NA,0.0,NA,0.0,NA,0.0
AirPods Pro 2 Earbuds,NA,0.0,NA,0.0,NA,0.0,Negative,0.9661346673965454
AirPods Pro 2 Earbuds,NA,0.0,NA,0.0,Negative,0.9126393795013428,NA,0.0
AirPods Pro 2 Earbuds,NA,0.0,NA,0.0,Negative,0.979558527469635,NA,0.0
AirPods Pro 2 Earbuds,NA,0.0,NA,0.0,NA,0.0,NA,0.0
AirPods Pro 2 Earbuds,NA,0.0,NA,0.0,NA,0.0,NA,0.0
AirPods Pro 2 Earbuds,NA,0.0,NA,0.0,NA,0.0,NA,0.0
AirPods Pro 2 Earbuds,NA,0.0,NA,0.0,NA,0.0,NA,0.0
AirPods Pro 2 Earbuds,Negative,0.9864059090614319,NA,0.0,NA,0.0,NA,0.0
AirPods Pro 2 Earbuds,NA,0.0,NA,0.0,Negative,0.5090834498405457,NA,0.0
AirPods Pro 2 Earbuds,NA,0.0,Negative,0.6306062936782837,NA,0.0,NA,0.0
AirPods Pro 2 Earbuds,Positive,0.9899728298187256,NA,0.0,Positive,0.980434238910675,Positive,0.9883846044540405
AirPods Pro 2 Earbuds,NA,0.0,NA,0.0,NA,0.0,NA,0.0
AirPods Pro 2 Earbuds,Positive,0.8295482993125916,NA,0.0,Positive,0.7108504772186279,NA,0.0
AirPods Pro 2 Earbuds,NA,0.0,Positive,0.6931734681129456,Positive,0.9054235816001892,Positive,0.9832083582878113
AirPods Pro 2 Earbuds,NA,0.0,Positive,0.8609664440155029,Positive,0.880422830581665,NA,0.0
AirPods Pro 2 Earbuds,Positive,0.9044240117073059,NA,0.0,NA,0.0,NA,0.0
AirPods Pro 2 Earbuds,NA,0.0,NA,0.0,NA,0.0,NA,0.0
AirPods Pro 2 Earbuds,NA,0.0,Positive,0.9843138456344604,Positive,0.9911577105522156,NA,0.0
AirPods Pro 2 Earbuds,NA,0.0,NA,0.0,NA,0.0,Positive,0.7016148567199707
AirPods Pro 2 Earbuds,Negative,0.8592802286148071,NA,0.0,Negative,0.6672677993774414,Negative,0.5344906449317932
AirPods Pro 2 Earbuds,NA,0.0,NA,0.0,Positive,0.5870415568351746,NA,0.0
AirPods Pro 2 Earbuds,NA,0.0,Positive,0.8124966025352478,NA,0.0,NA,0.0
AirPods Pro 2 Earbuds,NA,0.0,NA,0.0,NA,0.0,Positive,0.7594019174575806
AirPods Pro 2 Earbuds,NA,0.0,Positive,0.8211207985877991,Positive,0.9368243217468262,Negative,0.470319539308548
AirPods Pro 2 Earbuds,NA,0.0,NA,0.0,Negative,0.9844450354576111,Negative,0.938875138759613
AirPods Pro 2 Earbuds,Negative,0.9631083011627197,NA,0.0,NA,0.0,NA,0.0
AirPods Pro 2 Earbuds,NA,0.0,NA,0.0,NA,0.0,NA,0.0
AirPods Pro 2 Earbuds,NA,0.0,NA,0.0,NA,0.0,NA,0.0
Sony Linkbuds S,Positive,0.760103166103363,Positive,0.7455247044563293,Positive,0.7236371636390686,Positive,0.7762978672981262
Sony Linkbuds S,Positive,0.8957827687263489,NA,0.0,NA,0.0,NA,0.0
Sony Linkbuds S,Positive,0.5571162700653076,Positive,0.9694576859474182,Positive,0.9318986535072327,NA,0.0
Sony Linkbuds S,NA,0.0,NA,0.0,Positive,0.9825935959815979,NA,0.0
Sony Linkbuds S,Positive,0.9350265860557556,NA,0.0,NA,0.0,Positive,0.9924357533454895
Sony Linkbuds S,NA,0.0,NA,0.0,NA,0.0,Positive,0.9959820508956909
Sony Linkbuds S,NA,0.0,NA,0.0,Positive,0.9919531941413879,NA,0.0
Sony Linkbuds S,NA,0.0,NA,0.0,NA,0.0,NA,0.0
Sony Linkbuds S,Positive,0.9931455850601196,Positive,0.9938659071922302,NA,0.0,NA,0.0
Sony Linkbuds S,NA,0.0,NA,0.0,NA,0.0,NA,0.0
Sony Linkbuds S,NA,0.0,Negative,0.9563639760017395,Negative,0.9607784748077393,Negative,0.9593260884284973
Sony Linkbuds S,NA,0.0,NA,0.0,Negative,0.9443082809448242,Negative,0.9406656622886658
Sony Linkbuds S,Positive,0.6845723986625671,NA,0.0,NA,0.0,NA,0.0
Sony Linkbuds S,NA,0.0,NA,0.0,NA,0.0,Negative,0.6782149076461792
Sony Linkbuds S,NA,0.0,Negative,0.6960356831550598,NA,0.0,NA,0.0
Sony Linkbuds S,NA,0.0,NA,0.0,NA,0.0,Positive,0.8172172904014587
Sony Linkbuds S,Negative,0.880828857421875,NA,0.0,NA,0.0,Negative,0.707714855670929
Sony Linkbuds S,Negative,0.9333317279815674,NA,0.0,Positive,0.9324679970741272,NA,0.0
Sony Linkbuds S,Positive,0.738013744354248,NA,0.0,Negative,0.5439148545265198,NA,0.0
Sony Linkbuds S,NA,0.0,NA,0.0,NA,0.0,NA,0.0
Sony Linkbuds S,Positive,0.6233144998550415,Positive,0.6180893778800964,Positive,0.46162745356559753,Negative,0.5435638427734375
Sony Linkbuds S,Negative,0.7936378717422485,Negative,0.749154806137085,Negative,0.777294397354126,NA,0.0
Sony Linkbuds S,NA,0.0,NA,0.0,NA,0.0,NA,0.0
Sony Linkbuds S,NA,0.0,NA,0.0,Negative,0.7032994031906128,Negative,0.6354310512542725
Sony Linkbuds S,NA,0.0,NA,0.0,NA,0.0,NA,0.0
Sony Linkbuds S,NA,0.0,NA,0.0,NA,0.0,NA,0.0
Sony Linkbuds S,Negative,0.5979359745979309,NA,0.0,Negative,0.8102802634239197,NA,0.0
Sony Linkbuds S,NA,0.0,NA,0.0,NA,0.0,Negative,0.6114660501480103
Sony Linkbuds S,NA,0.0,NA,0.0,NA,0.0,Positive,0.9650160074234009
Sony Linkbuds S,NA,0.0,NA,0.0,Positive,0.8657717704772949,NA,0.0
Sony Linkbuds S,Positive,0.7828057408332825,Positive,0.7810634970664978,Positive,0.7773697376251221,Positive,0.7788739800453186
Sony Linkbuds S,Positive,0.8365629315376282,Positive,0.8689448237419128,Positive,0.9188228249549866,Positive,0.901175856590271
Sony Linkbuds S,Negative,0.8390264511108398,NA,0.0,NA,0.0,NA,0.0
Sony Linkbuds S,Positive,0.5192849040031433,Negative,0.4706028997898102,Negative,0.6624496579170227,NA,0.0
Sony Linkbuds S,Positive,0.7951149344444275,Positive,0.8061137199401855,Positive,0.8028827905654907,NA,0.0
Sony Linkbuds S,NA,0.0,Negative,0.9052098989486694,NA,0.0,Positive,0.7323811054229736
Sony Linkbuds S,NA,0.0,NA,0.0,NA,0.0,NA,0.0
Sony Linkbuds S,NA,0.0,Positive,0.9690649509429932,NA,0.0,Positive,0.9527363181114197
Sony Linkbuds S,Negative,0.8637797832489014,NA,0.0,NA,0.0,NA,0.0
Sony Linkbuds S,NA,0.0,NA,0.0,Positive,0.6445602178573608,NA,0.0
Sony Linkbuds S,Negative,0.7587266564369202,NA,0.0,NA,0.0,Negative,0.7383606433868408
Sony Linkbuds S,NA,0.0,NA,0.0,Negative,0.9551361203193665,NA,0.0
Sony Linkbuds S,NA,0.0,NA,0.0,NA,0.0,NA,0.0
Sony Linkbuds S,NA,0.0,NA,0.0,NA,0.0,Positive,0.5925178527832031
Sony Linkbuds S,Negative,0.8896045684814453,NA,0.0,NA,0.0,NA,0.0
Sony Linkbuds S,NA,0.0,Negative,0.7032238841056824,NA,0.0,Negative,0.6768918633460999
Sony Linkbuds S,Negative,0.9438538551330566,NA,0.0,NA,0.0,NA,0.0
Sony Linkbuds S,NA,0.0,Negative,0.6474332213401794,NA,0.0,Positive,0.5351668000221252
Sony Linkbuds S,NA,0.0,Negative,0.7850865125656128,Negative,0.6432541608810425,Negative,0.620250940322876
Sony Linkbuds S,NA,0.0,NA,0.0,NA,0.0,NA,0.0
Sony Linkbuds original,Negative,0.8707724213600159,Negative,0.8597181439399719,NA,0.0,Negative,0.8677986860275269
Sony Linkbuds original,Positive,0.6961556673049927,Positive,0.7340198755264282,Positive,0.6799349188804626,NA,0.0
Sony Linkbuds original,NA,0.0,NA,0.0,NA,0.0,Positive,0.7297771573066711
Sony Linkbuds original,Positive,0.9424832463264465,Positive,0.9472821950912476,NA,0.0,Positive,0.9438921213150024
Sony Linkbuds original,Negative,0.45821380615234375,Positive,0.4510020911693573,Negative,0.4884970486164093,Negative,0.47451138496398926
Sony Linkbuds original,NA,0.0,NA,0.0,NA,0.0,NA,0.0
Sony Linkbuds original,NA,0.0,NA,0.0,NA,0.0,Positive,0.9853713512420654
Sony Linkbuds original,Positive,0.5024823546409607,Positive,0.6520947217941284,NA,0.0,NA,0.0
Sony Linkbuds original,Positive,0.9446243643760681,Positive,0.9415765404701233,NA,0.0,NA,0.0
Sony Linkbuds original,Positive,0.5568448901176453,Positive,0.7519255876541138,NA,0.0,NA,0.0
Sony Linkbuds original,NA,0.0,Negative,0.8922913670539856,Negative,0.8930749297142029,Negative,0.8604437112808228
Sony Linkbuds original,Negative,0.8631067872047424,Negative,0.8092772364616394,NA,0.0,NA,0.0
Sony Linkbuds original,NA,0.0,Negative,0.6607233881950378,NA,0.0,Negative,0.6379952430725098
Sony Linkbuds original,Negative,0.967325747013092,NA,0.0,NA,0.0,NA,0.0
Sony Linkbuds original,Negative,0.737373948097229,NA,0.0,NA,0.0,NA,0.0
Sony Linkbuds original,NA,0.0,Negative,0.5738882422447205,Negative,0.7984741926193237,NA,0.0
Sony Linkbuds original,Negative,0.9558132290840149,NA,0.0,NA,0.0,NA,0.0
Sony Linkbuds original,Negative,0.9144390821456909,NA,0.0,NA,0.0,NA,0.0
Sony Linkbuds original,Negative,0.7787543535232544,Negative,0.8489966988563538,NA,0.0,NA,0.0
Sony Linkbuds original,Negative,0.9327630996704102,Negative,0.9032444357872009,NA,0.0,NA,0.0
Sony Linkbuds original,Negative,0.5269260406494141,NA,0.0,NA,0.0,Positive,0.4688096046447754
Sony Linkbuds original,NA,0.0,NA,0.0,NA,0.0,NA,0.0
Sony Linkbuds original,Positive,0.6386767625808716,NA,0.0,NA,0.0,Positive,0.6727908253669739
Sony Linkbuds original,Negative,0.7325957417488098,NA,0.0,NA,0.0,NA,0.0
Sony Linkbuds original,NA,0.0,Negative,0.8942117691040039,NA,0.0,Positive,0.9428884387016296
Sony Linkbuds original,Negative,0.6660303473472595,Negative,0.6885137557983398,Negative,0.7400323152542114,NA,0.0
Sony Linkbuds original,NA,0.0,Negative,0.6707906723022461,NA,0.0,NA,0.0
Sony Linkbuds original,Negative,0.7313529253005981,Negative,0.6288419365882874,NA,0.0,Negative,0.6171002984046936
Sony Linkbuds original,NA,0.0,Positive,0.5709040760993958,NA,0.0,Positive,0.6345393061637878
Sony Linkbuds original,NA,0.0,Positive,0.8420758247375488,NA,0.0,Positive,0.8943585157394409
Sony Linkbuds original,Positive,0.7794435620307922,Positive,0.7910916209220886,Positive,0.738783597946167,Positive,0.8870751857757568
Sony Linkbuds original,Negative,0.766766369342804,Negative,0.6997039318084717,NA,0.0,Negative,0.7642579078674316
Sony Linkbuds original,Negative,0.5046125054359436,Negative,0.472472220659256,Negative,0.47804874181747437,NA,0.0
Sony Linkbuds original,NA,0.0,Positive,0.9386719465255737,NA,0.0,NA,0.0
Sony Linkbuds original,Negative,0.4915372431278229,Negative,0.4848147928714752,NA,0.0,Positive,0.5004764199256897
Sony Linkbuds original,NA,0.0,Positive,0.9749358296394348,NA,0.0,NA,0.0
Sony Linkbuds original,NA,0.0,Negative,0.5037038326263428,NA,0.0,NA,0.0
Sony Linkbuds original,NA,0.0,Positive,0.9384087920188904,NA,0.0,NA,0.0
Sony Linkbuds original,Positive,0.8801842331886292,Positive,0.9286617636680603,NA,0.0,Positive,0.9190014004707336
Sony Linkbuds original,Positive,0.8569149971008301,Positive,0.9262180924415588,NA,0.0,NA,0.0
Sony Linkbuds original,NA,0.0,Negative,0.783494770526886,NA,0.0,NA,0.0
Sony Linkbuds original,NA,0.0,Positive,0.6147378087043762,NA,0.0,Positive,0.6676403284072876
Sony Linkbuds original,NA,0.0,NA,0.0,Negative,0.4588184058666229,NA,0.0
Sony Linkbuds original,NA,0.0,Negative,0.8036096692085266,Negative,0.8051906824111938,NA,0.0
Sony Linkbuds original,Negative,0.6036140322685242,NA,0.0,NA,0.0,NA,0.0
Sony Linkbuds original,NA,0.0,Negative,0.7607089877128601,NA,0.0,Negative,0.5551904439926147
Sony Linkbuds original,Negative,0.9485405683517456,NA,0.0,Negative,0.9624490737915039,NA,0.0
Sony Linkbuds original,Negative,0.9708088636398315,NA,0.0,NA,0.0,NA,0.0
Sony Linkbuds original,NA,0.0,NA,0.0,NA,0.0,NA,0.0
Sony Linkbuds original,Positive,0.6067458391189575,NA,0.0,NA,0.0,Positive,0.782646119594574
Pixel Buds Pro,NA,0.0,Negative,0.5331996083259583,Negative,0.5413343906402588,Negative,0.5334765315055847
Pixel Buds Pro,Positive,0.9295963048934937,Positive,0.9317524433135986,Positive,0.9304524064064026,Positive,0.9394112229347229
Pixel Buds Pro,Negative,0.4892948567867279,Positive,0.4941284954547882,Negative,0.4909113049507141,Negative,0.4772316515445709
Pixel Buds Pro,Positive,0.9839054942131042,NA,0.0,Positive,0.9904682040214539,NA,0.0
Pixel Buds Pro,Positive,0.992644190788269,Positive,0.9873483180999756,Positive,0.9759460687637329,Positive,0.9917043447494507
Pixel Buds Pro,NA,0.0,NA,0.0,NA,0.0,NA,0.0
Pixel Buds Pro,Positive,0.8517844080924988,Positive,0.9036102294921875,Positive,0.904570996761322,Positive,0.8808501362800598
Pixel Buds Pro,NA,0.0,NA,0.0,Positive,0.4702056646347046,NA,0.0
Pixel Buds Pro,Positive,0.7777767181396484,NA,0.0,Positive,0.8865518569946289,NA,0.0
Pixel Buds Pro,NA,0.0,NA,0.0,Positive,0.9704918265342712,Positive,0.9834966659545898
Pixel Buds Pro,Negative,0.6789159178733826,Negative,0.6445627808570862,NA,0.0,NA,0.0
Pixel Buds Pro,Negative,0.813391387462616,NA,0.0,NA,0.0,NA,0.0
Pixel Buds Pro,Negative,0.9446781873703003,NA,0.0,NA,0.0,NA,0.0
Pixel Buds Pro,Negative,0.6971161961555481,NA,0.0,Positive,0.9692771434783936,Neutral,0.48708483576774597
Pixel Buds Pro,NA,0.0,NA,0.0,NA,0.0,NA,0.0
Pixel Buds Pro,Negative,0.7808499932289124,NA,0.0,NA,0.0,NA,0.0
Pixel Buds Pro,NA,0.0,Negative,0.6613463163375854,Positive,0.9593280553817749,NA,0.0
Pixel Buds Pro,NA,0.0,NA,0.0,Positive,0.9778448343276978,NA,0.0
Pixel Buds Pro,Positive,0.5464932918548584,NA,0.0,NA,0.0,NA,0.0
Pixel Buds Pro,NA,0.0,NA,0.0,NA,0.0,NA,0.0
Pixel Buds Pro,Negative,0.8096135258674622,Negative,0.8161090016365051,NA,0.0,Negative,0.8102834224700928
Pixel Buds Pro,NA,0.0,NA,0.0,Positive,0.6706455945968628,Negative,0.8310008645057678
Pixel Buds Pro,NA,0.0,NA,0.0,Negative,0.5316925644874573,NA,0.0
Pixel Buds Pro,NA,0.0,Negative,0.9312244057655334,Negative,0.8687613010406494,NA,0.0
Pixel Buds Pro,NA,0.0,Negative,0.9358037114143372,NA,0.0,Negative,0.8171521425247192
Pixel Buds Pro,NA,0.0,NA,0.0,NA,0.0,NA,0.0
Pixel Buds Pro,Negative,0.6173393726348877,NA,0.0,NA,0.0,NA,0.0
Pixel Buds Pro,NA,0.0,NA,0.0,NA,0.0,NA,0.0
Pixel Buds Pro,NA,0.0,NA,0.0,NA,0.0,NA,0.0
Pixel Buds Pro,NA,0.0,NA,0.0,Negative,0.6195076704025269,NA,0.0
Pixel Buds Pro,NA,0.0,Positive,0.653102695941925,Positive,0.6381291151046753,NA,0.0
Pixel Buds Pro,Positive,0.9850753545761108,Positive,0.9883749485015869,Positive,0.9877354502677917,Positive,0.9881258010864258
Pixel Buds Pro,Negative,0.6157360672950745,NA,0.0,Negative,0.6994863152503967,Positive,0.6789185404777527
Pixel Buds Pro,Positive,0.4948999285697937,NA,0.0,Positive,0.6872819662094116,Positive,0.609372615814209
Pixel Buds Pro,Positive,0.9864502549171448,Positive,0.899977445602417,NA,0.0,Positive,0.9879269003868103
Pixel Buds Pro,Positive,0.9955607652664185,NA,0.0,Positive,0.9944251775741577,NA,0.0
Pixel Buds Pro,NA,0.0,NA,0.0,Positive,0.9424247145652771,Negative,0.8866111040115356
Pixel Buds Pro,NA,0.0,Positive,0.9910878539085388,Positive,0.9906046986579895,NA,0.0
Pixel Buds Pro,Neutral,0.4561697542667389,NA,0.0,NA,0.0,NA,0.0
Pixel Buds Pro,NA,0.0,NA,0.0,NA,0.0,NA,0.0
Pixel Buds Pro,NA,0.0,Negative,0.5094221830368042,NA,0.0,Negative,0.5599761009216309
Pixel Buds Pro,Negative,0.8632597923278809,NA,0.0,Negative,0.8926942944526672,NA,0.0
Pixel Buds Pro,Negative,0.9781988859176636,NA,0.0,NA,0.0,Negative,0.9710016846656799
Pixel Buds Pro,NA,0.0,Negative,0.9642539024353027,NA,0.0,NA,0.0
Pixel Buds Pro,NA,0.0,NA,0.0,NA,0.0,Negative,0.9835698008537292
Pixel Buds Pro,NA,0.0,Negative,0.9772587418556213,NA,0.0,NA,0.0
Pixel Buds Pro,NA,0.0,NA,0.0,Negative,0.928417444229126,NA,0.0
Pixel Buds Pro,Negative,0.5325330495834351,NA,0.0,NA,0.0,Positive,0.9904914498329163
Pixel Buds Pro,NA,0.0,NA,0.0,NA,0.0,NA,0.0
Pixel Buds Pro,NA,0.0,NA,0.0,Negative,0.5725598931312561,Neutral,0.7158808708190918
Soundcore Liberty 3,Negative,0.6177828907966614,NA,0.0,Negative,0.6114368438720703,Negative,0.6040369868278503
Soundcore Liberty 3,NA,0.0,NA,0.0,NA,0.0,Positive,0.7221891283988953
Soundcore Liberty 3,Negative,0.7511361837387085,Negative,0.8155795931816101,NA,0.0,NA,0.0
Soundcore Liberty 3,Positive,0.9219702482223511,NA,0.0,Positive,0.5664769411087036,NA,0.0
Soundcore Liberty 3,Negative,0.9508094787597656,NA,0.0,NA,0.0,NA,0.0
Soundcore Liberty 3,Negative,0.8194311261177063,Negative,0.7959134578704834,Negative,0.8417044281959534,NA,0.0
Soundcore Liberty 3,Negative,0.9022697806358337,NA,0.0,NA,0.0,NA,0.0
Soundcore Liberty 3,Negative,0.7538163065910339,Negative,0.7062670588493347,Negative,0.8425989151000977,Positive,0.49615806341171265
Soundcore Liberty 3,Negative,0.865848958492279,NA,0.0,NA,0.0,Negative,0.8171762228012085
Soundcore Liberty 3,Negative,0.9318439960479736,NA,0.0,Negative,0.7064288854598999,Positive,0.7600776553153992
Soundcore Liberty 3,NA,0.0,NA,0.0,Positive,0.9298949837684631,NA,0.0
Soundcore Liberty 3,Positive,0.7155970335006714,Positive,0.7561666369438171,Positive,0.7558088898658752,Positive,0.7404738068580627
Soundcore Liberty 3,NA,0.0,Positive,0.7660448551177979,NA,0.0,Positive,0.7048385739326477
Soundcore Liberty 3,Positive,0.9953829646110535,Positive,0.9950220584869385,Positive,0.9944820404052734,NA,0.0
Soundcore Liberty 3,Neutral,0.6509987711906433,NA,0.0,Positive,0.9936304688453674,Positive,0.9917144179344177
Soundcore Liberty 3,Positive,0.7951626181602478,Positive,0.8137293457984924,Positive,0.8006348013877869,Positive,0.7964757084846497
Soundcore Liberty 3,NA,0.0,Negative,0.5719016194343567,Positive,0.8868451714515686,Positive,0.8349145650863647
Soundcore Liberty 3,Neutral,0.45609113574028015,NA,0.0,NA,0.0,NA,0.0
Soundcore Liberty 3,NA,0.0,Positive,0.9180389046669006,NA,0.0,Positive,0.9194003343582153
Soundcore Liberty 3,NA,0.0,NA,0.0,Negative,0.7710707783699036,NA,0.0
Soundcore Liberty 3,NA,0.0,NA,0.0,Negative,0.885511040687561,Negative,0.8571479916572571
Soundcore Liberty 3,Negative,0.8972190022468567,NA,0.0,NA,0.0,NA,0.0
Soundcore Liberty 3,Negative,0.8662512302398682,NA,0.0,Negative,0.8548362255096436,NA,0.0
Soundcore Liberty 3,NA,0.0,NA,0.0,NA,0.0,NA,0.0
Soundcore Liberty 3,Negative,0.9772562980651855,NA,0.0,NA,0.0,NA,0.0
Soundcore Liberty 3,NA,0.0,NA,0.0,NA,0.0,NA,0.0
Soundcore Liberty 3,NA,0.0,NA,0.0,Negative,0.49536651372909546,NA,0.0
Soundcore Liberty 3,NA,0.0,NA,0.0,Negative,0.6642354130744934,Negative,0.6119384765625
Soundcore Liberty 3,Negative,0.9723780155181885,NA,0.0,NA,0.0,NA,0.0
Soundcore Liberty 3,NA,0.0,NA,0.0,NA,0.0,NA,0.0
Soundcore Liberty 3,Negative,0.9631270170211792,NA,0.0,Negative,0.9608556628227234,NA,0.0
Soundcore Liberty 3,NA,0.0,Negative,0.854389488697052,NA,0.0,NA,0.0
Soundcore Liberty 3,Negative,0.8355470895767212,NA,0.0,NA,0.0,Positive,0.926139235496521
Soundcore Liberty 3,Negative,0.7868297100067139,NA,0.0,NA,0.0,NA,0.0
Soundcore Liberty 3,NA,0.0,Negative,0.9328598380088806,Negative,0.963537335395813,Negative,0.9319707155227661
Soundcore Liberty 3,Negative,0.9023935198783875,NA,0.0,NA,0.0,NA,0.0
Soundcore Liberty 3,NA,0.0,NA,0.0,NA,0.0,NA,0.0
Soundcore Liberty 3,NA,0.0,NA,0.0,Positive,0.5719419121742249,Negative,0.4368349611759186
Soundcore Liberty 3,NA,0.0,Negative,0.8631235361099243,NA,0.0,NA,0.0
Soundcore Liberty 3,Negative,0.8864928483963013,NA,0.0,Negative,0.7395553588867188,NA,0.0
Soundcore Liberty 3,Negative,0.944047212600708,NA,0.0,Negative,0.9351901412010193,NA,0.0
Soundcore Liberty 3,Positive,0.6836037635803223,Positive,0.7434734106063843,Positive,0.9705193042755127,NA,0.0
Soundcore Liberty 3,Positive,0.5813488960266113,NA,0.0,Positive,0.7347326278686523,NA,0.0
Soundcore Liberty 3,NA,0.0,NA,0.0,Positive,0.5202523469924927,NA,0.0
Soundcore Liberty 3,Positive,0.7839771509170532,Positive,0.7889530658721924,Positive,0.8046026825904846,Positive,0.8329002261161804
Soundcore Liberty 3,NA,0.0,NA,0.0,Positive,0.7195043563842773,NA,0.0
Soundcore Liberty 3,NA,0.0,NA,0.0,NA,0.0,NA,0.0
Soundcore Liberty 3,Negative,0.6180248260498047,NA,0.0,Positive,0.4894542098045349,Positive,0.6382212042808533
Soundcore Liberty 3,NA,0.0,NA,0.0,NA,0.0,NA,0.0
Soundcore Liberty 3,NA,0.0,NA,0.0,Positive,0.5310884118080139,Positive,0.5813304781913757
Jabra Elite 7 Pro,Positive,0.7703791260719299,Positive,0.7225138545036316,NA,0.0,Positive,0.6586882472038269
Jabra Elite 7 Pro,Negative,0.894570529460907,NA,0.0,NA,0.0,NA,0.0
Jabra Elite 7 Pro,NA,0.0,NA,0.0,NA,0.0,NA,0.0
Jabra Elite 7 Pro,NA,0.0,NA,0.0,Positive,0.5269482731819153,NA,0.0
Jabra Elite 7 Pro,NA,0.0,NA,0.0,NA,0.0,NA,0.0
Jabra Elite 7 Pro,NA,0.0,NA,0.0,NA,0.0,NA,0.0
Jabra Elite 7 Pro,NA,0.0,NA,0.0,NA,0.0,NA,0.0
Jabra Elite 7 Pro,NA,0.0,NA,0.0,NA,0.0,NA,0.0
Jabra Elite 7 Pro,NA,0.0,NA,0.0,NA,0.0,NA,0.0
Jabra Elite 7 Pro,NA,0.0,NA,0.0,NA,0.0,NA,0.0
Jabra Elite 7 Pro,NA,0.0,Negative,0.9137493968009949,NA,0.0,NA,0.0
Jabra Elite 7 Pro,NA,0.0,NA,0.0,NA,0.0,NA,0.0
Jabra Elite 7 Pro,NA,0.0,Positive,0.976994514465332,Positive,0.9886055588722229,NA,0.0
Jabra Elite 7 Pro,NA,0.0,NA,0.0,NA,0.0,NA,0.0
Jabra Elite 7 Pro,NA,0.0,NA,0.0,NA,0.0,NA,0.0
Jabra Elite 7 Pro,NA,0.0,NA,0.0,NA,0.0,Positive,0.9743764996528625
Jabra Elite 7 Pro,NA,0.0,NA,0.0,NA,0.0,NA,0.0
Jabra Elite 7 Pro,NA,0.0,NA,0.0,Negative,0.8607233166694641,NA,0.0
Jabra Elite 7 Pro,NA,0.0,NA,0.0,NA,0.0,NA,0.0
Jabra Elite 7 Pro,NA,0.0,NA,0.0,NA,0.0,NA,0.0
Jabra Elite 7 Pro,NA,0.0,NA,0.0,NA,0.0,NA,0.0
Jabra Elite 7 Pro,Negative,0.5436980724334717,NA,0.0,NA,0.0,NA,0.0
Jabra Elite 7 Pro,NA,0.0,NA,0.0,Positive,0.9797906279563904,Positive,0.9917614459991455
Jabra Elite 7 Pro,NA,0.0,NA,0.0,Positive,0.9220055937767029,Positive,0.8264074325561523
Jabra Elite 7 Pro,NA,0.0,NA,0.0,NA,0.0,Positive,0.9623686075210571
Jabra Elite 7 Pro,NA,0.0,NA,0.0,NA,0.0,NA,0.0
Jabra Elite 7 Pro,NA,0.0,NA,0.0,NA,0.0,Positive,0.9933499693870544
Jabra Elite 7 Pro,NA,0.0,NA,0.0,NA,0.0,NA,0.0
Jabra Elite 7 Pro,NA,0.0,NA,0.0,NA,0.0,NA,0.0
Jabra Elite 7 Pro,NA,0.0,NA,0.0,NA,0.0,NA,0.0
Jabra Elite 7 Pro,Positive,0.9250823855400085,Positive,0.7868534326553345,NA,0.0,NA,0.0
Jabra Elite 7 Pro,Positive,0.6753054261207581,Positive,0.6451670527458191,NA,0.0,NA,0.0
Jabra Elite 7 Pro,Positive,0.7283822298049927,Positive,0.8198920488357544,NA,0.0,NA,0.0
Jabra Elite 7 Pro,NA,0.0,Positive,0.7936434149742126,NA,0.0,NA,0.0
Jabra Elite 7 Pro,NA,0.0,NA,0.0,NA,0.0,NA,0.0
Jabra Elite 7 Pro,Negative,0.9758331179618835,NA,0.0,Positive,0.9889735579490662,NA,0.0
Jabra Elite 7 Pro,NA,0.0,NA,0.0,NA,0.0,Positive,0.9492753744125366
Jabra Elite 7 Pro,NA,0.0,NA,0.0,NA,0.0,NA,0.0
Jabra Elite 7 Pro,Positive,0.991018533706665,NA,0.0,NA,0.0,Positive,0.9968037605285645
Jabra Elite 7 Pro,Positive,0.9981508851051331,NA,0.0,NA,0.0,Positive,0.9975353479385376
Jabra Elite 7 Pro,Positive,0.6385510563850403,Positive,0.6992707252502441,NA,0.0,Positive,0.6207282543182373
Jabra Elite 7 Pro,NA,0.0,Negative,0.9570363163948059,NA,0.0,NA,0.0
Jabra Elite 7 Pro,NA,0.0,NA,0.0,NA,0.0,NA,0.0
Jabra Elite 7 Pro,NA,0.0,Positive,0.6073766350746155,NA,0.0,NA,0.0
Jabra Elite 7 Pro,Positive,0.9807004928588867,NA,0.0,NA,0.0,NA,0.0
Jabra Elite 7 Pro,NA,0.0,NA,0.0,NA,0.0,NA,0.0
Jabra Elite 7 Pro,NA,0.0,NA,0.0,Negative,0.9876573085784912,NA,0.0
Jabra Elite 7 Pro,NA,0.0,NA,0.0,NA,0.0,NA,0.0
Jabra Elite 7 Pro,NA,0.0,Negative,0.9908937215805054,NA,0.0,NA,0.0
Jabra Elite 7 Pro,NA,0.0,NA,0.0,NA,0.0,NA,0.0
Sony WF-1000XM5,Negative,0.9270499348640442,NA,0.0,Negative,0.9278918504714966,NA,0.0
Sony WF-1000XM5,Negative,0.8485004305839539,NA,0.0,Negative,0.7874781489372253,NA,0.0
Sony WF-1000XM5,NA,0.0,NA,0.0,Negative,0.7808816432952881,NA,0.0
Sony WF-1000XM5,NA,0.0,NA,0.0,NA,0.0,Negative,0.8173999786376953
Sony WF-1000XM5,NA,0.0,Negative,0.9524950981140137,NA,0.0,NA,0.0
Sony WF-1000XM5,NA,0.0,Negative,0.5302698016166687,NA,0.0,Positive,0.8252546787261963
Sony WF-1000XM5,NA,0.0,Negative,0.9534944891929626,NA,0.0,Negative,0.7537665367126465
Sony WF-1000XM5,NA,0.0,Negative,0.9805810451507568,NA,0.0,NA,0.0
Sony WF-1000XM5,Negative,0.8092747926712036,NA,0.0,Negative,0.9447454214096069,NA,0.0
Sony WF-1000XM5,NA,0.0,NA,0.0,Negative,0.9792054295539856,Positive,0.8325236439704895
Sony WF-1000XM5,Positive,0.8497428894042969,Positive,0.7875484228134155,Positive,0.7892000675201416,Positive,0.8179115653038025
Sony WF-1000XM5,NA,0.0,Negative,0.5412344932556152,Negative,0.557763397693634,Negative,0.5586749911308289
Sony WF-1000XM5,NA,0.0,Negative,0.621038019657135,NA,0.0,Negative,0.5455271601676941
Sony WF-1000XM5,NA,0.0,Positive,0.48154520988464355,Negative,0.48122474551200867,NA,0.0
Sony WF-1000XM5,Positive,0.8090158104896545,NA,0.0,Positive,0.923654317855835,NA,0.0
Sony WF-1000XM5,NA,0.0,NA,0.0,NA,0.0,Positive,0.963134765625
Sony WF-1000XM5,Negative,0.7487529516220093,Negative,0.8743709921836853,NA,0.0,Negative,0.6666525602340698
Sony WF-1000XM5,NA,0.0,NA,0.0,NA,0.0,NA,0.0
Sony WF-1000XM5,Negative,0.4888659417629242,NA,0.0,Positive,0.5729265213012695,NA,0.0
Sony WF-1000XM5,NA,0.0,NA,0.0,NA,0.0,NA,0.0
Sony WF-1000XM5,Positive,0.9465782046318054,Positive,0.9527864456176758,Positive,0.9509961009025574,Positive,0.9517782330513
Sony WF-1000XM5,NA,0.0,NA,0.0,Negative,0.6743848323822021,Negative,0.5893934369087219
Sony WF-1000XM5,Positive,0.5920249223709106,Positive,0.6347750425338745,Positive,0.6219264268875122,Positive,0.6158490180969238
Sony WF-1000XM5,NA,0.0,Positive,0.7245383858680725,Positive,0.8250776529312134,Positive,0.8255354762077332
Sony WF-1000XM5,Positive,0.8792055249214172,NA,0.0,Positive,0.8719096779823303,Positive,0.8972059488296509
Sony WF-1000XM5,NA,0.0,Positive,0.7376254200935364,Positive,0.919647216796875,NA,0.0
Sony WF-1000XM5,Positive,0.9734112620353699,NA,0.0,NA,0.0,Positive,0.9643011689186096
Sony WF-1000XM5,NA,0.0,NA,0.0,NA,0.0,NA,0.0
Sony WF-1000XM5,Positive,0.8910185098648071,NA,0.0,Positive,0.9331652522087097,NA,0.0
Sony WF-1000XM5,NA,0.0,NA,0.0,Positive,0.9928038716316223,NA,0.0
Sony WF-1000XM5,NA,0.0,NA,0.0,NA,0.0,NA,0.0
Sony WF-1000XM5,Negative,0.5821966528892517,Negative,0.5724174380302429,Negative,0.6066864728927612,Negative,0.522593080997467
Sony WF-1000XM5,NA,0.0,NA,0.0,Negative,0.955031156539917,Negative,0.9259771704673767
Sony WF-1000XM5,NA,0.0,NA,0.0,NA,0.0,NA,0.0
Sony WF-1000XM5,Negative,0.9722065925598145,NA,0.0,NA,0.0,NA,0.0
Sony WF-1000XM5,NA,0.0,NA,0.0,NA,0.0,NA,0.0
Sony WF-1000XM5,Negative,0.8568964004516602,NA,0.0,NA,0.0,Negative,0.8369447588920593
Sony WF-1000XM5,NA,0.0,NA,0.0,NA,0.0,Negative,0.7902634739875793
Sony WF-1000XM5,NA,0.0,NA,0.0,Negative,0.9211897253990173,NA,0.0
Sony WF-1000XM5,NA,0.0,Positive,0.4747999608516693,Positive,0.669954240322113,NA,0.0
Sony WF-1000XM5,Negative,0.7970810532569885,Negative,0.7495261430740356,Negative,0.8459896445274353,NA,0.0
Sony WF-1000XM5,Negative,0.8687654733657837,Negative,0.8098611831665039,NA,0.0,Negative,0.793411135673523
Sony WF-1000XM5,NA,0.0,Positive,0.7151930928230286,Positive,0.7044249773025513,Positive,0.7301128506660461
Sony WF-1000XM5,Negative,0.6137452721595764,NA,0.0,Negative,0.4895542562007904,NA,0.0
Sony WF-1000XM5,Negative,0.5830448269844055,Negative,0.5656034350395203,Negative,0.7046838998794556,NA,0.0
Sony WF-1000XM5,NA,0.0,Negative,0.7516041398048401,NA,0.0,NA,0.0
Sony WF-1000XM5,NA,0.0,Negative,0.7807956337928772,NA,0.0,Negative,0.779837965965271
Sony WF-1000XM5,Negative,0.8384683728218079,Negative,0.8899130821228027,Negative,0.9250972270965576,NA,0.0
Sony WF-1000XM5,NA,0.0,Negative,0.6216098666191101,Negative,0.5547353625297546,NA,0.0
Sony WF-1000XM5,NA,0.0,NA,0.0,Negative,0.8968878388404846,NA,0.0
1MORE Evo,NA,0.0,NA,0.0,NA,0.0,NA,0.0
1MORE Evo,Negative,0.954776406288147,NA,0.0,NA,0.0,NA,0.0
1MORE Evo,NA,0.0,NA,0.0,NA,0.0,NA,0.0
1MORE Evo,NA,0.0,NA,0.0,NA,0.0,NA,0.0
1MORE Evo,NA,0.0,NA,0.0,NA,0.0,NA,0.0
1MORE Evo,NA,0.0,NA,0.0,NA,0.0,NA,0.0
1MORE Evo,NA,0.0,NA,0.0,NA,0.0,NA,0.0
1MORE Evo,NA,0.0,NA,0.0,NA,0.0,NA,0.0
1MORE Evo,NA,0.0,NA,0.0,NA,0.0,NA,0.0
1MORE Evo,NA,0.0,NA,0.0,NA,0.0,NA,0.0
1MORE Evo,NA,0.0,NA,0.0,NA,0.0,NA,0.0
1MORE Evo,NA,0.0,NA,0.0,NA,0.0,Positive,0.8698947429656982
1MORE Evo,NA,0.0,NA,0.0,NA,0.0,NA,0.0
1MORE Evo,NA,0.0,NA,0.0,NA,0.0,NA,0.0
1MORE Evo,NA,0.0,NA,0.0,NA,0.0,NA,0.0
1MORE Evo,NA,0.0,NA,0.0,NA,0.0,Positive,0.9401998519897461
1MORE Evo,NA,0.0,NA,0.0,NA,0.0,NA,0.0
1MORE Evo,NA,0.0,NA,0.0,NA,0.0,NA,0.0
1MORE Evo,NA,0.0,NA,0.0,NA,0.0,NA,0.0
1MORE Evo,NA,0.0,NA,0.0,NA,0.0,NA,0.0
1MORE Evo,Positive,0.7901955842971802,Positive,0.9047397971153259,Positive,0.9082694053649902,NA,0.0
1MORE Evo,NA,0.0,Positive,0.9602257609367371,NA,0.0,NA,0.0
1MORE Evo,NA,0.0,NA,0.0,NA,0.0,NA,0.0
1MORE Evo,NA,0.0,NA,0.0,Positive,0.886650562286377,NA,0.0
1MORE Evo,NA,0.0,NA,0.0,NA,0.0,NA,0.0
1MORE Evo,NA,0.0,NA,0.0,NA,0.0,Positive,0.8341391682624817
1MORE Evo,Positive,0.9846246242523193,Positive,0.9794146418571472,Positive,0.9869850277900696,Positive,0.9890388250350952
1MORE Evo,NA,0.0,NA,0.0,Positive,0.9739013910293579,Positive,0.9775763154029846
1MORE Evo,NA,0.0,NA,0.0,Positive,0.9582914113998413,Positive,0.9716567397117615
1MORE Evo,NA,0.0,NA,0.0,Positive,0.7560673952102661,NA,0.0
1MORE Evo,NA,0.0,NA,0.0,Negative,0.5624437928199768,NA,0.0
1MORE Evo,Negative,0.5909955501556396,NA,0.0,NA,0.0,NA,0.0
1MORE Evo,Positive,0.8899832367897034,NA,0.0,NA,0.0,NA,0.0
1MORE Evo,NA,0.0,NA,0.0,NA,0.0,NA,0.0
1MORE Evo,NA,0.0,NA,0.0,Positive,0.9056757688522339,Positive,0.9697443842887878
1MORE Evo,Positive,0.9915269017219543,NA,0.0,NA,0.0,NA,0.0
1MORE Evo,NA,0.0,NA,0.0,NA,0.0,NA,0.0
1MORE Evo,NA,0.0,NA,0.0,NA,0.0,NA,0.0
1MORE Evo,NA,0.0,NA,0.0,NA,0.0,NA,0.0
1MORE Evo,NA,0.0,NA,0.0,NA,0.0,NA,0.0
1MORE Evo,NA,0.0,Positive,0.9777632355690002,Positive,0.5476126670837402,NA,0.0
1MORE Evo,NA,0.0,NA,0.0,NA,0.0,Positive,0.993097722530365
1MORE Evo,NA,0.0,Positive,0.6954243779182434,NA,0.0,Positive,0.8823190927505493
1MORE Evo,NA,0.0,Negative,0.6548396348953247,NA,0.0,Negative,0.76065593957901
1MORE Evo,NA,0.0,NA,0.0,NA,0.0,NA,0.0
1MORE Evo,NA,0.0,Negative,0.7402928471565247,NA,0.0,NA,0.0
1MORE Evo,Positive,0.9716293811798096,NA,0.0,NA,0.0,NA,0.0
1MORE Evo,NA,0.0,NA,0.0,NA,0.0,NA,0.0
1MORE Evo,NA,0.0,NA,0.0,NA,0.0,NA,0.0
1MORE Evo,Positive,0.9413053393363953,Positive,0.8079800605773926,NA,0.0,NA,0.0
lg tone tf8,Positive,0.9967496395111084,Positive,0.9975751042366028,NA,0.0,Positive,0.9355787038803101
lg tone tf8,Positive,0.9760400056838989,Positive,0.9483562111854553,NA,0.0,NA,0.0
lg tone tf8,NA,0.0,NA,0.0,NA,0.0,NA,0.0
lg tone tf8,NA,0.0,Positive,0.985808253288269,NA,0.0,Neutral,0.6250926852226257
lg tone tf8,NA,0.0,NA,0.0,NA,0.0,NA,0.0
lg tone tf8,Positive,0.6880505084991455,NA,0.0,NA,0.0,NA,0.0
lg tone tf8,NA,0.0,NA,0.0,NA,0.0,Positive,0.9832428097724915
lg tone tf8,Positive,0.9977797865867615,NA,0.0,NA,0.0,NA,0.0
lg tone tf8,Positive,0.9978569149971008,Positive,0.997821569442749,NA,0.0,NA,0.0
lg tone tf8,NA,0.0,NA,0.0,NA,0.0,NA,0.0
lg tone tf8,NA,0.0,NA,0.0,NA,0.0,NA,0.0
lg tone tf8,NA,0.0,NA,0.0,NA,0.0,NA,0.0
lg tone tf8,NA,0.0,NA,0.0,NA,0.0,NA,0.0
lg tone tf8,NA,0.0,Negative,0.9571523666381836,Negative,0.9790014028549194,NA,0.0
lg tone tf8,NA,0.0,NA,0.0,NA,0.0,NA,0.0
lg tone tf8,NA,0.0,NA,0.0,NA,0.0,NA,0.0
lg tone tf8,NA,0.0,NA,0.0,NA,0.0,NA,0.0
lg tone tf8,NA,0.0,NA,0.0,NA,0.0,NA,0.0
lg tone tf8,NA,0.0,NA,0.0,NA,0.0,NA,0.0
lg tone tf8,Negative,0.5747695565223694,Negative,0.5685836672782898,Negative,0.4768780469894409,NA,0.0
lg tone tf8,Positive,0.9896296858787537,NA,0.0,NA,0.0,NA,0.0
lg tone tf8,NA,0.0,NA,0.0,NA,0.0,Positive,0.9918571710586548
lg tone tf8,NA,0.0,NA,0.0,NA,0.0,NA,0.0
lg tone tf8,NA,0.0,NA,0.0,Negative,0.9914816617965698,NA,0.0
lg tone tf8,NA,0.0,NA,0.0,Negative,0.9923548698425293,NA,0.0
lg tone tf8,NA,0.0,NA,0.0,NA,0.0,NA,0.0
lg tone tf8,NA,0.0,NA,0.0,NA,0.0,NA,0.0
lg tone tf8,NA,0.0,NA,0.0,NA,0.0,NA,0.0
lg tone tf8,NA,0.0,NA,0.0,NA,0.0,NA,0.0
